long_rollout_rmse,long_vs_short_ratio,model_rollout_seconds,one_step_mae,one_step_relative_rmse,one_step_rmse,rollout_mae,rollout_relative_rmse,rollout_rmse,rollout_steps,short_rollout_rmse,solver_seconds
0.07450494170188904,0.5994439972540351,0.2810490936972201,0.0011130792554467916,0.10629785805940628,0.007874149829149246,0.018760597333312035,1.0083093643188477,0.07450494170188904,199.0,0.12429007887840271,0.018137197010219097
0.08625759184360504,0.6501960197593398,0.2870603739283979,0.0011895676143467426,0.10050145536661148,0.008600163273513317,0.021326560527086258,1.0105341672897339,0.08625759184360504,199.0,0.13266398012638092,0.02681630104780197
0.08582264184951782,0.6516985978001073,0.2874926868826151,0.0011876405915245414,0.09673042595386505,0.008236497640609741,0.021313287317752838,1.0104397535324097,0.08582264184951782,199.0,0.13169069588184357,0.026360746938735247
0.08677978068590164,0.6491814464312309,0.28771090181544423,0.0011952220229431987,0.1060328409075737,0.009133280254900455,0.021367846056818962,1.0099972486495972,0.08677978068590164,199.0,0.1336756944656372,0.02822640771046281
0.07761695235967636,0.6057967800150705,0.2811884586699307,0.0012035295367240906,0.10342373698949814,0.007950056344270706,0.019638609141111374,1.012265682220459,0.07761695235967636,199.0,0.12812374532222748,0.01901367586106062
0.0811646357178688,0.6051261675099608,0.2834439040161669,0.0012282644165679812,0.10556474328041077,0.008491573855280876,0.020391035825014114,1.0115456581115723,0.0811646357178688,199.0,0.13412845134735107,0.028994373977184296
0.07988165318965912,0.6430225749597374,0.2802139460109174,0.0011338518233969808,0.09790487587451935,0.007788121234625578,0.019488895311951637,1.006715178489685,0.07988165318965912,199.0,0.12422838062047958,0.0193940456956625
0.08339007198810577,0.6420414442858651,0.28789497213438153,0.001150282216258347,0.10507388412952423,0.008726050145924091,0.02032402902841568,1.0066521167755127,0.08339007198810577,199.0,0.12988269329071045,0.02692063571885228
0.08336241543292999,0.6427917072981847,0.29022581689059734,0.0011498600943014026,0.10080759972333908,0.008371093310415745,0.020315881818532944,1.0063971281051636,0.08336241543292999,199.0,0.1296880692243576,0.029530493076890707
0.07580000162124634,0.6105562326708219,0.27689897594973445,0.0011154430685564876,0.11280133575201035,0.008502096869051456,0.018659478053450584,1.0081967115402222,0.07580000162124634,199.0,0.12414909154176712,0.018717383034527302
0.07940421253442764,0.61057629948626,0.2832223013974726,0.0011315111769363284,0.11452063918113708,0.009051213040947914,0.019410811364650726,1.0071831941604614,0.07940421253442764,199.0,0.1300479769706726,0.02610529074445367
0.08137979358434677,0.6470958856909403,0.2811982808634639,0.001137970364652574,0.10510874539613724,0.008500936441123486,0.01992066018283367,1.0087339878082275,0.08137979358434677,199.0,0.12576156854629517,0.01939754281193018
0.08377418667078018,0.6475235522405078,0.2826623390428722,0.0011498890817165375,0.09598653763532639,0.007995408959686756,0.020640797913074493,1.008249044418335,0.08377418667078018,199.0,0.12937627732753754,0.02842450002208352
0.08033572137355804,0.6077835687455491,0.2880379119887948,0.0011745716910809278,0.11007437109947205,0.008768142201006413,0.020080864429473877,1.0110561847686768,0.08033572137355804,199.0,0.1321781724691391,0.027757166884839535
0.07714823633432388,0.599358136169597,0.2866491721943021,0.0011231520911678672,0.10559465736150742,0.008097697980701923,0.019298681989312172,1.008542537689209,0.07714823633432388,199.0,0.12871809303760529,0.02828333294019103
0.0721958801150322,0.5875229704680482,0.2800214528106153,0.0011124694719910622,0.10902708023786545,0.007829182781279087,0.017989683896303177,1.0079017877578735,0.0721958801150322,199.0,0.12288179993629456,0.018866137135773897
0.07586955279111862,0.591768240664591,0.28777405386790633,0.0011270444374531507,0.10708659142255783,0.00808735005557537,0.018677925691008568,1.007127046585083,0.07586955279111862,199.0,0.1282082200050354,0.02766843605786562
0.07839851081371307,0.599257345899445,0.28975195717066526,0.0011096815578639507,0.11785735934972763,0.009182020090520382,0.019344482570886612,1.0088212490081787,0.07839851081371307,199.0,0.13082611560821533,0.02791761513799429
0.07718312740325928,0.5980654475134893,0.2878173040226102,0.001102696405723691,0.10545257478952408,0.008094201795756817,0.019141795113682747,1.0080763101577759,0.07718312740325928,199.0,0.12905465066432953,0.027498132083564997
0.08386145532131195,0.6499476897992972,0.283250252250582,0.0011552582727745175,0.10644672065973282,0.008853432722389698,0.020615167915821075,1.0108134746551514,0.08386145532131195,199.0,0.12902800738811493,0.01862348197028041
0.08325653523206711,0.6514238748053949,0.28208984388038516,0.0011486540315672755,0.10016592592000961,0.008272773586213589,0.020470362156629562,1.0105904340744019,0.08325653523206711,199.0,0.12780700623989105,0.019238559994846582
0.0862472653388977,0.6507332497312388,0.30011028330773115,0.0011664930498227477,0.09856600314378738,0.008435656316578388,0.021207869052886963,1.010279655456543,0.0862472653388977,199.0,0.1325385868549347,0.0286198272369802
0.08082790672779083,0.6052313991510667,0.28804794419556856,0.0012002800358459353,0.10406310111284256,0.008336098864674568,0.020229343324899673,1.0115405321121216,0.08082790672779083,199.0,0.133548766374588,0.028909641783684492
0.08811556547880173,0.6432362859100847,0.28775857109576464,0.001230419147759676,0.10552915930747986,0.009221935644745827,0.02160162851214409,1.0108602046966553,0.08811556547880173,199.0,0.1369878649711609,0.028377884067595005
0.07463900744915009,0.5792203638274386,0.2892215419560671,0.001108120777644217,0.1146845743060112,0.00851987861096859,0.01835433393716812,1.0072224140167236,0.07463900744915009,199.0,0.12886115908622742,0.027771899942308664
0.0743456557393074,0.580411076367832,0.28726757084950805,0.0011041908292099833,0.10813472419977188,0.008002237416803837,0.018288103863596916,1.0071570873260498,0.0743456557393074,199.0,0.12809138000011444,0.026848339941352606
0.08267079293727875,0.6433658305221545,0.2873587738722563,0.0011221456807106733,0.09655620902776718,0.007955874316394329,0.02006656862795353,1.0058480501174927,0.08267079293727875,199.0,0.12849733233451843,0.029414954129606485
0.08025672286748886,0.6072988676890589,0.2863487210124731,0.0011497699888423085,0.10999045521020889,0.008754374459385872,0.019916832447052002,1.0108790397644043,0.08025672286748886,199.0,0.13215358555316925,0.028665461111813784
0.080086350440979,0.607442541652082,0.28760927310213447,0.0011490585748106241,0.10668881237506866,0.008472802117466927,0.01994004100561142,1.010970115661621,0.080086350440979,199.0,0.13184185326099396,0.028719928115606308
0.07419012486934662,0.5992554825518881,0.28062424901872873,0.0010857005836442113,0.10466241836547852,0.007717417553067207,0.018585633486509323,1.008678674697876,0.07419012486934662,199.0,0.12380383163690567,0.01918399380519986
0.07826072722673416,0.5995224927587981,0.2861479902639985,0.0011073083151131868,0.11669647693634033,0.009079202078282833,0.01928645372390747,1.0084209442138672,0.07826072722673416,199.0,0.1305384337902069,0.02884221589192748
0.07221881300210953,0.5865663317934904,0.28120931377634406,0.0010920666391029954,0.11178149282932281,0.008032115176320076,0.017786163836717606,1.0075769424438477,0.07221881300210953,199.0,0.12312130630016327,0.01816147891804576
0.07903942465782166,0.6025022447960771,0.2794726751744747,0.0011971148196607828,0.11429128050804138,0.008945181034505367,0.01959797367453575,1.0124082565307617,0.07903942465782166,199.0,0.13118527829647064,0.018322135787457228
0.07650497555732727,0.6028952620550588,0.280445306096226,0.001172617543488741,0.10451796650886536,0.007918133400380611,0.0191876869648695,1.0123850107192993,0.07650497555732727,199.0,0.1268959641456604,0.01913822302594781
0.08310367166996002,0.6508660953073627,0.2798874150030315,0.0011126784374937415,0.09948702901601791,0.00820110272616148,0.020274696871638298,1.0106539726257324,0.08310367166996002,199.0,0.1276816725730896,0.019195908214896917
0.08623398095369339,0.6501196197780653,0.285912892781198,0.0011297407327219844,0.10043375939130783,0.008592629805207253,0.02096758782863617,1.0104622840881348,0.08623398095369339,199.0,0.13264325261116028,0.026542626321315765
0.08402843773365021,0.6449575691904641,0.27914952021092176,0.0011617997661232948,0.0998450294137001,0.0083184614777565,0.02056834287941456,1.0111085176467896,0.08402843773365021,199.0,0.13028521835803986,0.018985601142048836
0.08650978654623032,0.6465194685589274,0.28402999695390463,0.001178546342998743,0.09566926211118698,0.00820882897824049,0.021195577457547188,1.0107518434524536,0.08650978654623032,199.0,0.13380847871303558,0.028742671012878418
0.07899263501167297,0.6096748787690173,0.2839146121405065,0.001069685909897089,0.11656659096479416,0.00916172657161951,0.018988346680998802,1.0075609683990479,0.07899263501167297,199.0,0.12956517934799194,0.026931575033813715
0.07374537736177444,0.5989695455512037,0.27985825622454286,0.0010471164714545012,0.10493197292089462,0.00769206415861845,0.018207253888249397,1.0085272789001465,0.07374537736177444,199.0,0.12312041223049164,0.0188396661542356
0.07407903671264648,0.5989372074090071,0.2814566260203719,0.0010498702758923173,0.1043240875005722,0.00768063822761178,0.018322128802537918,1.0087196826934814,0.07407903671264648,199.0,0.12368414551019669,0.019207854755222797
0.07282912731170654,0.5853995076036371,0.27984058298170567,0.0010555455228313804,0.1179424449801445,0.008544579148292542,0.01772141270339489,1.0077955722808838,0.07282912731170654,199.0,0.1244092732667923,0.018492364790290594
0.0752825140953064,0.585233412856864,0.2858658852055669,0.0010686038294807076,0.11309957504272461,0.008474979549646378,0.01825757697224617,1.0071735382080078,0.0752825140953064,199.0,0.12863673269748688,0.02812344115227461
0.07792183011770248,0.6015418603554326,0.280042361933738,0.0011485542636364698,0.10756272077560425,0.008300866931676865,0.019205749034881592,1.0122445821762085,0.07792183011770248,199.0,0.12953683733940125,0.019371770322322845
0.07831820845603943,0.6014988701538068,0.27849539974704385,0.0011523835128173232,0.10998895764350891,0.008531640283763409,0.019273407757282257,1.0122021436691284,0.07831820845603943,199.0,0.13020507991313934,0.018969364929944277
0.01586778089404106,2.265389143499576,0.28330562682822347,0.0010098159546032548,0.1411876082420349,0.0017952900379896164,0.011747843585908413,1.2509685754776,0.01586778089404106,199.0,0.007004439365118742,0.02847940707579255
0.015856513753533363,2.2657514038845994,0.28594034304842353,0.0010131680173799396,0.1412024348974228,0.0017949140165001154,0.011769489385187626,1.2504748106002808,0.015856513753533363,199.0,0.0069983466528356075,0.028598577715456486
0.01591530442237854,2.2329476346158907,0.27930937288329005,0.0009747124859131873,0.13887260854244232,0.0017853686586022377,0.011650016531348228,1.2410027980804443,0.01591530442237854,199.0,0.007127486634999514,0.01917667966336012
0.015864988788962364,2.259878951510957,0.28648912301287055,0.0009775442304089665,0.13931071758270264,0.0017888451693579555,0.011612096801400185,1.2385679483413696,0.015864988788962364,199.0,0.007020282559096813,0.026768858078867197
0.0158819779753685,2.2695373971768036,0.2855185931548476,0.0009770832257345319,0.13960202038288116,0.0017890287563204765,0.011620924808084965,1.242358922958374,0.0158819779753685,199.0,0.006997892167419195,0.027209891006350517
0.01609037071466446,2.307470827233623,0.27981489012017846,0.0010014502331614494,0.13770078122615814,0.0017925911815837026,0.01183955930173397,1.2390562295913696,0.01609037071466446,199.0,0.006973163224756718,0.01833883998915553
0.015975456684827805,2.2834361478780276,0.28045566100627184,0.0010006153024733067,0.13924704492092133,0.0017920989776030183,0.01179143413901329,1.2443604469299316,0.015975456684827805,199.0,0.006996235344558954,0.018713691737502813
0.01606789417564869,2.2832795944434823,0.2834516023285687,0.0010006552329286933,0.1373698115348816,0.0017897498328238726,0.011844845488667488,1.2363102436065674,0.01606789417564869,199.0,0.007037199568003416,0.02784341061487794
0.016222795471549034,2.323074598445273,0.2793699908070266,0.0010136181954294443,0.13684116303920746,0.0017944438150152564,0.011967290192842484,1.2401710748672485,0.016222795471549034,199.0,0.00698332954198122,0.01918446272611618
0.01577075570821762,2.224253485551111,0.28108475636690855,0.000980266835540533,0.14112123847007751,0.0017883011605590582,0.011589450761675835,1.2475944757461548,0.01577075570821762,199.0,0.00709035899490118,0.018937075976282358
0.015530840493738651,2.2030072774311913,0.28766771499067545,0.0009677410125732422,0.14393064379692078,0.0017868379363790154,0.011337373405694962,1.2540935277938843,0.015530840493738651,199.0,0.007049836218357086,0.02821547305211425
0.015954023227095604,2.3162637718499717,0.2812067177146673,0.0010046646930277348,0.13970722258090973,0.00178995740134269,0.011815181002020836,1.248287320137024,0.015954023227095604,199.0,0.006887826602905989,0.01904176129028201
0.015178905799984932,2.1335144181711434,0.28708740416914225,0.000978505820967257,0.14890128374099731,0.001787642133422196,0.010884520597755909,1.267432689666748,0.015178905799984932,199.0,0.00711450818926096,0.026725645177066326
0.015989070758223534,2.2712276870125034,0.2806257661432028,0.0009981459006667137,0.138512521982193,0.0017911435570567846,0.011784141883254051,1.2395130395889282,0.015989070758223534,199.0,0.0070398361422121525,0.01866806810721755
0.015656840056180954,2.233451816404602,0.2839703541249037,0.0009778277017176151,0.14241693913936615,0.0017870725132524967,0.011501524597406387,1.2508106231689453,0.015656840056180954,199.0,0.007010153494775295,0.027565152384340763
0.01543816551566124,2.1925132685470325,0.2801431240513921,0.0009682115633040667,0.14498327672481537,0.0017873765900731087,0.011202994734048843,1.2553484439849854,0.01543816551566124,199.0,0.0070413099601864815,0.01865094294771552
0.015708845108747482,2.2752156361855085,0.27977209398522973,0.0009825809393078089,0.14045676589012146,0.0017581717111170292,0.011614270508289337,1.258037805557251,0.015708845108747482,199.0,0.006904332432895899,0.019327403977513313
0.01565774343907833,2.2439927446916412,0.284598542843014,0.0009844031883403659,0.1409723162651062,0.0017622866434976459,0.011597973294556141,1.2556087970733643,0.01565774343907833,199.0,0.006977626588195562,0.02840635972097516
0.015612980350852013,2.234365462072201,0.28207473969087005,0.0009863257873803377,0.14161822199821472,0.001760356011800468,0.01158752478659153,1.259137749671936,0.015612980350852013,199.0,0.006987657397985458,0.018793439026921988
0.015516779385507107,2.2366782277270927,0.2804271727800369,0.0009867751505225897,0.14259211719036102,0.0017598619451746345,0.011531412601470947,1.260331630706787,0.015516779385507107,199.0,0.006937421392649412,0.01938281301409006
0.015603114850819111,2.260921403786817,0.2831716169603169,0.0009871991351246834,0.14220063388347626,0.0017620751168578863,0.011579305864870548,1.2622829675674438,0.015603114850819111,199.0,0.006901219487190247,0.029165314976125956
0.015622212551534176,2.2348937500283124,0.2865062328055501,0.0009522681939415634,0.14000840485095978,0.0017551940400153399,0.011438886635005474,1.2492245435714722,0.015622212551534176,199.0,0.006990136578679085,0.027729729190468788
0.015693478286266327,2.253154008912736,0.2857935051433742,0.0009530472452752292,0.1395866721868515,0.0017563434084877372,0.011490699835121632,1.2503241300582886,0.015693478286266327,199.0,0.006965115666389465,0.02782543934881687
0.01598690077662468,2.2930822624935905,0.2863212996162474,0.0009891825029626489,0.13714013993740082,0.0017627932829782367,0.011807851493358612,1.2468006610870361,0.01598690077662468,199.0,0.006971795577555895,0.028702133800834417
0.015470989048480988,2.2300786421365615,0.280700858682394,0.0009574526338838041,0.14273369312286377,0.0017577495891600847,0.011384844779968262,1.2593778371810913,0.015470989048480988,199.0,0.006937418598681688,0.01931300014257431
0.015422566793859005,2.1796623481289523,0.2805044371634722,0.0009440719150006771,0.14278970658779144,0.0017540573608130217,0.01125912182033062,1.2585705518722534,0.015422566793859005,199.0,0.007075667846947908,0.01939925504848361
0.015371490269899368,2.2286287920671946,0.28066580602899194,0.000944540137425065,0.1431778371334076,0.001753634074702859,0.011225881986320019,1.2581140995025635,0.015371490269899368,199.0,0.006897286046296358,0.019139852840453386
0.015161484479904175,2.1971683360622167,0.28268928173929453,0.0009449826902709901,0.14682242274284363,0.0017558266408741474,0.011023960076272488,1.2709226608276367,0.015161484479904175,199.0,0.006900465581566095,0.019102441146969795
0.015408344566822052,2.260818208564323,0.28290360420942307,0.0009431500802747905,0.14044074714183807,0.0017063450068235397,0.011382579803466797,1.2713065147399902,0.015408344566822052,199.0,0.006815384142100811,0.019616538658738136
0.01514351461082697,2.2273714825465736,0.2812047409825027,0.0009183685760945082,0.1431436687707901,0.0017027370631694794,0.011155188083648682,1.2761989831924438,0.01514351461082697,199.0,0.006798827555030584,0.019395662005990744
0.015420101583003998,2.2577719451257994,0.2851930158212781,0.0009151942795142531,0.1392233669757843,0.0017040071543306112,0.011279788799583912,1.2629812955856323,0.015420101583003998,199.0,0.006829787045717239,0.028688971884548664
0.015618938021361828,2.291876399137023,0.2801493383012712,0.0009475753759033978,0.13788796961307526,0.0017078407108783722,0.011538797989487648,1.2641514539718628,0.015618938021361828,199.0,0.006814912892878056,0.018709818832576275
0.01564561016857624,2.308688951696224,0.2858153241686523,0.0009489035583101213,0.13794459402561188,0.00171054364182055,0.011541353538632393,1.2648320198059082,0.01564561016857624,199.0,0.006776837632060051,0.02879799297079444
0.015189709141850471,2.2286907019835693,0.2861280874349177,0.0009180466877296567,0.1424657255411148,0.0017035057535395026,0.011160099878907204,1.2734559774398804,0.015189709141850471,199.0,0.006815530359745026,0.02959665423259139
0.014977525919675827,2.1934845635974627,0.27966024773195386,0.0009044649777933955,0.1441761553287506,0.0016962180379778147,0.010950732976198196,1.2762032747268677,0.014977525919675827,199.0,0.006828188430517912,0.019068146124482155
0.015098148956894875,2.2177782030820405,0.2852025181055069,0.0009070081869140267,0.14295539259910583,0.001701588393189013,0.01101927924901247,1.2715636491775513,0.015098148956894875,199.0,0.0068077812902629375,0.027521660085767508
0.015371494926512241,2.308774691658946,0.2796765249222517,0.0009411780047230422,0.14198577404022217,0.001708516268990934,0.011377254500985146,1.2805876731872559,0.015371494926512241,199.0,0.0066578583791852,0.01869664015248418
0.015262010507285595,2.2547900563337744,0.27977486699819565,0.0009420260903425515,0.14214392006397247,0.0017106820596382022,0.011313412338495255,1.2712733745574951,0.015262010507285595,199.0,0.006768705788999796,0.01925458014011383
0.014685489237308502,2.129282799515685,0.2792148473672569,0.0009156919550150633,0.1510273963212967,0.0017024235567077994,0.010591352358460426,1.3059946298599243,0.014685489237308502,199.0,0.006896918173879385,0.018876072950661182
0.014710946939885616,2.1456764862476487,0.2864021807909012,0.0009171934798359871,0.1502128690481186,0.0017040336970239878,0.010589087381958961,1.2999742031097412,0.014710946939885616,199.0,0.006856088060885668,0.02635748917236924
0.014631076715886593,2.1264233908212136,0.2870580889284611,0.0009151946869678795,0.1511751115322113,0.001701803645119071,0.010555216111242771,1.3029025793075562,0.014631076715886593,199.0,0.006880603730678558,0.027880840003490448
0.015562857501208782,2.254639246057837,0.27940222807228565,0.0009337447118014097,0.13749295473098755,0.0017050098394975066,0.011424734257161617,1.258090615272522,0.015562857501208782,199.0,0.006902593187987804,0.019033091608434916
0.01541904266923666,2.2654409127624264,0.2859823959879577,0.0009342269622720778,0.1398073434829712,0.0017062588594853878,0.011367297731339931,1.2665181159973145,0.01541904266923666,199.0,0.006806199438869953,0.02809288678690791
0.015455521643161774,2.2900868067654216,0.2874066801741719,0.0009341136319562793,0.13935470581054688,0.0017054120544344187,0.011392476968467236,1.26603364944458,0.015455521643161774,199.0,0.006748880259692669,0.029996130149811506
0.015231730416417122,2.2324224983067387,0.28359922394156456,0.000916234974283725,0.1417553722858429,0.0017029315931722522,0.011182360351085663,1.2710405588150024,0.015231730416417122,199.0,0.006822960451245308,0.018865294754505157
0.1416015475988388,0.7841301653306849,0.28033505799248815,0.0034885634668171406,0.1291358768939972,0.018355803564190865,0.05540560558438301,0.9986841082572937,0.1416015475988388,199.0,0.18058423697948456,0.0184840839356184
0.11577105522155762,0.8218178725615243,0.2874518916942179,0.003226574743166566,0.1255146712064743,0.014484383165836334,0.049900688230991364,1.0057272911071777,0.11577105522155762,199.0,0.14087191224098206,0.028844807762652636
0.1329546719789505,0.7545694800812548,0.280686201993376,0.0034053900744765997,0.13803927600383759,0.018406054005026817,0.05142079293727875,0.9996132850646973,0.1329546719789505,199.0,0.17619937658309937,0.01855068327859044
0.1370684951543808,0.7495042286214533,0.28651135601103306,0.0034633392933756113,0.1350160390138626,0.018572835251688957,0.053488589823246,0.9989214539527893,0.1370684951543808,199.0,0.18287888169288635,0.02607282390818
0.1393052190542221,0.7521067741150695,0.2802475616335869,0.003406669246032834,0.1414981633424759,0.019678447395563126,0.05795980617403984,1.004185438156128,0.1393052190542221,199.0,0.18522000312805176,0.01836124202236533
0.15077999234199524,0.8226203077263274,0.28603732865303755,0.0034717563539743423,0.12957367300987244,0.019448040053248405,0.06228852644562721,1.0070972442626953,0.15077999234199524,199.0,0.18329232931137085,0.026970454026013613
0.11784614622592926,0.7404937142236494,0.28694735327735543,0.0032521768007427454,0.13780878484249115,0.016286052763462067,0.048426464200019836,0.9996830821037292,0.11784614622592926,199.0,0.15914537012577057,0.026306976098567247
0.12702491879463196,0.7623727869205793,0.2835043743252754,0.00332474778406322,0.13732624053955078,0.01750699058175087,0.05301211029291153,0.9988889098167419,0.12702491879463196,199.0,0.16661785542964935,0.029424163978546858
0.11761042475700378,0.8231587398447965,0.28031416377052665,0.003335672663524747,0.12859682738780975,0.015194136649370193,0.04702848568558693,0.9978975653648376,0.11761042475700378,199.0,0.14287696778774261,0.019355954136699438
0.1082734689116478,0.8504984693365158,0.281179775018245,0.003155018901452422,0.12837344408035278,0.01381123997271061,0.047908660024404526,1.0089046955108643,0.1082734689116478,199.0,0.12730589509010315,0.01898135431110859
0.14015910029411316,0.7504100524868779,0.28731640288606286,0.003347418736666441,0.14385981857776642,0.02009766735136509,0.05843193829059601,1.00577712059021,0.14015910029411316,199.0,0.18677668273448944,0.028966556768864393
0.12889231741428375,0.7992082958282661,0.28807165985926986,0.003290364984422922,0.12477600574493408,0.01613468863070011,0.05063241720199585,0.9992725253105164,0.12889231741428375,199.0,0.1612749993801117,0.02856037300080061
0.13116474449634552,0.8743255435209616,0.28052211087197065,0.003186943009495735,0.12453842163085938,0.016303669661283493,0.056492093950510025,1.0044344663619995,0.13116474449634552,199.0,0.15001820027828217,0.018377261236310005
0.11955788731575012,0.8710548245794976,0.28082384634763,0.003209847491234541,0.1201583594083786,0.014361312612891197,0.05073990672826767,1.0028222799301147,0.11955788731575012,199.0,0.1372564435005188,0.018627832178026438
0.12438826262950897,0.8451818321173663,0.2870005667209625,0.0031010282691568136,0.12397266924381256,0.015385321341454983,0.051616787910461426,1.0048123598098755,0.12438826262950897,199.0,0.14717337489128113,0.028423628769814968
0.11649830639362335,0.7855840667513472,0.2865909030660987,0.0031400672160089016,0.13069875538349152,0.015162326395511627,0.048101723194122314,1.0067254304885864,0.11649830639362335,199.0,0.14829514920711517,0.027808342594653368
0.11323320120573044,0.8015020004980545,0.279882431961596,0.003152118530124426,0.12709929049015045,0.014442925341427326,0.04650032892823219,0.9989588260650635,0.11323320120573044,199.0,0.1412762552499771,0.01846551988273859
0.12267009168863297,0.7717438687040384,0.28532357094809413,0.003188011236488819,0.1286659836769104,0.01583581231534481,0.04844004288315773,0.9991903901100159,0.12267009168863297,199.0,0.15895181894302368,0.027251597959548235
0.1345936805009842,0.7401482078029648,0.2848641248419881,0.0033024579752236605,0.13826990127563477,0.01867418736219406,0.050719261169433594,0.9990727305412292,0.1345936805009842,199.0,0.18184693157672882,0.027297044172883034
0.11376506835222244,0.8093359955561303,0.2816421529278159,0.0031215937342494726,0.12985987961292267,0.014731297269463539,0.04939553141593933,1.0053765773773193,0.11376506835222244,199.0,0.1405659317970276,0.018913667649030685
0.13444256782531738,0.8149877073750962,0.2789275571703911,0.003221885534003377,0.12768281996250153,0.017132529988884926,0.05596670135855675,1.00446355342865,0.13444256782531738,199.0,0.16496269404888153,0.019456423819065094
0.13900846242904663,0.819292612182761,0.27914664801210165,0.003235047683119774,0.13024786114692688,0.018066078424453735,0.058409690856933594,1.0046957731246948,0.13900846242904663,199.0,0.16966888308525085,0.018902459181845188
0.13318361341953278,0.8717182194432213,0.279596125241369,0.003292929381132126,0.11878743022680283,0.01573636569082737,0.05650694668292999,1.0078672170639038,0.13318361341953278,199.0,0.1527828723192215,0.01928808493539691
0.13795660436153412,0.8661999958645948,0.27842762926593423,0.0033055341336876154,0.12337274104356766,0.016946693882346153,0.0571097657084465,1.006846308708191,0.13795660436153412,199.0,0.15926645696163177,0.01963367871940136
0.1120714470744133,0.9072720247556236,0.30948211066424847,0.0032848254777491093,0.12334022670984268,0.013722668401896954,0.0508694127202034,1.0098267793655396,0.1120714470744133,199.0,0.12352573871612549,0.02796787302941084
0.13751104474067688,0.8366891256552805,0.2850771639496088,0.0034661300014704466,0.12926919758319855,0.017679397016763687,0.06051577255129814,1.0079797506332397,0.13751104474067688,199.0,0.1643514186143875,0.025949301198124886
0.13442935049533844,0.7954412073310303,0.28722067968919873,0.003362234914675355,0.12928365170955658,0.01729315146803856,0.055680278688669205,1.0075116157531738,0.13442935049533844,199.0,0.16899973154067993,0.029044824186712503
0.12789258360862732,0.7573755582877912,0.2877736487425864,0.0031324622686952353,0.142983540892601,0.0181998610496521,0.05145103111863136,1.0072790384292603,0.12789258360862732,199.0,0.16886283457279205,0.02648880984634161
0.14410971105098724,0.7712660954594055,0.28217865293845534,0.0032559423707425594,0.130715012550354,0.018912488594651222,0.05385957285761833,0.9985204339027405,0.14410971105098724,199.0,0.1868482381105423,0.019356267992407084
0.12368764728307724,0.8659790646946713,0.2803182741627097,0.003159011946991086,0.12512122094631195,0.015538550913333893,0.050249356776475906,0.9984657764434814,0.12368764728307724,199.0,0.14282983541488647,0.0182830230332911
0.1242259293794632,0.832350071302264,0.28697663685306907,0.003193106036633253,0.12329324334859848,0.015381033532321453,0.04933128505945206,0.9982800483703613,0.1242259293794632,199.0,0.1492472141981125,0.02487383596599102
0.13197582960128784,0.841903720432483,0.2866090158931911,0.0029743940103799105,0.12483380734920502,0.01646026037633419,0.05200081691145897,1.0034053325653076,0.13197582960128784,199.0,0.15675881505012512,0.028280457947403193
0.14453238248825073,0.8045065753376709,0.2881810860708356,0.0031204281840473413,0.13206851482391357,0.01907961443066597,0.05666901543736458,1.0029557943344116,0.14453238248825073,199.0,0.17965345084667206,0.028537218924611807
0.11953562498092651,0.8038976393655403,0.2820114688947797,0.0030091966036707163,0.13003523647785187,0.015476878732442856,0.05009416490793228,1.0068416595458984,0.11953562498092651,199.0,0.14869508147239685,0.01879754289984703
0.11642377823591232,0.7904506035366516,0.28189363284036517,0.0030152953695505857,0.12332068383693695,0.014298062771558762,0.047804538160562515,1.006668210029602,0.11642377823591232,199.0,0.14728786051273346,0.018940214067697525
0.12396649271249771,0.8049529287493455,0.2813298418186605,0.0031777676194906235,0.13099654018878937,0.016300035640597343,0.04970845580101013,0.9987618327140808,0.12396649271249771,199.0,0.15400464832782745,0.019259699154645205
0.13193051517009735,0.7604331984480259,0.28069086093455553,0.003175004618242383,0.13358545303344727,0.01769186183810234,0.0513591393828392,0.9986595511436462,0.13193051517009735,199.0,0.173493891954422,0.019212585873901844
0.13030368089675903,0.8095013982119476,0.28823964204639196,0.0031618315260857344,0.13151325285434723,0.017209680750966072,0.05274643748998642,0.9982513189315796,0.13030368089675903,199.0,0.16096782684326172,0.02904719114303589
0.12322837114334106,0.7481696581362445,0.2885420471429825,0.00305305328220129,0.13583040237426758,0.01669006608426571,0.05015552416443825,1.0053932666778564,0.12322837114334106,199.0,0.16470645368099213,0.028422445990145206
0.1252015084028244,0.7841608876689776,0.28712113574147224,0.0031900424510240555,0.13534162938594818,0.016852011904120445,0.05147729814052582,1.0080348253250122,0.1252015084028244,199.0,0.15966303646564484,0.02562852669507265
0.12916970252990723,0.834896149315295,0.2866013180464506,0.003032689681276679,0.13189250230789185,0.01700015552341938,0.05284487083554268,1.0046489238739014,0.12916970252990723,199.0,0.1547134965658188,0.026207572780549526
0.12509672343730927,0.8298618432244877,0.2861411268822849,0.0029702680185437202,0.1271110475063324,0.01586953178048134,0.05079026520252228,1.0045037269592285,0.12509672343730927,199.0,0.15074403584003448,0.028156546410173178
0.12867145240306854,0.8484378613969098,0.2844623667187989,0.003110088873654604,0.12137238681316376,0.0155270304530859,0.05394177511334419,1.0083240270614624,0.12867145240306854,199.0,0.1516568958759308,0.018908866215497255
0.11766140162944794,0.7586993965666504,0.2808445137925446,0.0029785740189254284,0.1328115165233612,0.01567899063229561,0.04725661873817444,0.9991661310195923,0.11766140162944794,199.0,0.15508303046226501,0.028405569959431887
0.11417076736688614,0.7948211165817508,0.27846317272633314,0.003068456193432212,0.12435385584831238,0.01425270363688469,0.04529488459229469,0.9986258745193481,0.11417076736688614,199.0,0.1436433494091034,0.018759245984256268
0.03736899048089981,1.6702349163872026,0.2784008849412203,0.0024129163939505816,0.13327108323574066,0.004809514619410038,0.023929428309202194,1.0380463600158691,0.03736899048089981,199.0,0.022373493760824203,0.018851399887353182
0.035177189856767654,1.636962768945986,0.2778810509480536,0.0023082455154508352,0.1396835446357727,0.004773104563355446,0.021579664200544357,1.0319863557815552,0.035177189856767654,199.0,0.021489303559064865,0.01908948179334402
0.03778883069753647,1.6018423332389016,0.2777275168336928,0.002416061470285058,0.13333116471767426,0.0048685576766729355,0.024027545005083084,1.037448525428772,0.03778883069753647,199.0,0.023590855300426483,0.019169868901371956
0.03836788609623909,1.4938527052643968,0.28462704410776496,0.002417229348793626,0.13123033940792084,0.00487634539604187,0.024099720641970634,1.0350924730300903,0.03836788609623909,199.0,0.025683848187327385,0.02762456936761737
0.0362447053194046,1.6223971475960146,0.2804601979441941,0.0023813110310584307,0.13786748051643372,0.004829547833651304,0.02311573550105095,1.0372170209884644,0.0362447053194046,199.0,0.022340217605233192,0.018599139992147684
0.03649375960230827,1.4688287574527785,0.28458610689267516,0.0023737549781799316,0.13720381259918213,0.004843318834900856,0.023002099245786667,1.0363620519638062,0.03649375960230827,199.0,0.024845482781529427,0.029506211169064045
0.03654663637280464,1.4676663232781229,0.28543999372050166,0.002371070673689246,0.13677926361560822,0.004835626110434532,0.023083606734871864,1.0362974405288696,0.03654663637280464,199.0,0.024901188910007477,0.029540118295699358
0.03678834065794945,1.4678097751575823,0.2858781358227134,0.0023714860435575247,0.1363317370414734,0.004850580357015133,0.023220494389533997,1.0365341901779175,0.03678834065794945,199.0,0.025063425302505493,0.029489122796803713
0.03609863296151161,1.6682028006771867,0.28048465214669704,0.002282740082591772,0.1361766904592514,0.004781039897352457,0.02244335599243641,1.0307210683822632,0.03609863296151161,199.0,0.021639235317707062,0.019193097949028015
0.03613372892141342,1.6335771091101439,0.27630155719816685,0.0022803968749940395,0.13638226687908173,0.0047875214368104935,0.02243194356560707,1.0318812131881714,0.03613372892141342,199.0,0.022119389846920967,0.019614662043750286
0.0347544401884079,1.540417676624243,0.2750268899835646,0.0023451067972928286,0.14368805289268494,0.004824378527700901,0.020968757569789886,1.0376667976379395,0.0347544401884079,199.0,0.022561699151992798,0.018862284254282713
0.03624854236841202,1.4104995626251307,0.2791646043770015,0.002285645343363285,0.13915880024433136,0.004900911822915077,0.022069882601499557,1.031797170639038,0.03624854236841202,199.0,0.025699080899357796,0.027703499887138605
0.035007815808057785,1.4319972875777154,0.2870442047715187,0.0023564323782920837,0.14241591095924377,0.004821533802896738,0.02094041183590889,1.036589503288269,0.035007815808057785,199.0,0.024446845054626465,0.026886704843491316
0.03540859371423721,1.3830408552602764,0.2884629820473492,0.002355849603191018,0.14284272491931915,0.004894631914794445,0.021075351163744926,1.0358946323394775,0.03540859371423721,199.0,0.025601986795663834,0.027923281770199537
0.03498801589012146,1.621550405062843,0.2805842151865363,0.0022873347625136375,0.14116640388965607,0.0047821057960391045,0.02172194980084896,1.0353795289993286,0.03498801589012146,199.0,0.021576890721917152,0.018239361699670553
0.0358848012983799,1.589506939069566,0.28059733007103205,0.002341310493648052,0.13888807594776154,0.0048283906653523445,0.021511338651180267,1.0347684621810913,0.0358848012983799,199.0,0.02257605828344822,0.018591068219393492
0.048522960394620895,0.8824062848995958,0.28083970630541444,0.0023665691260248423,0.1213756799697876,0.005764403846114874,0.024586543440818787,1.0242422819137573,0.048522960394620895,199.0,0.05498936399817467,0.018386302050203085
0.04452482983469963,0.9665858647353996,0.2873422340489924,0.0023519773967564106,0.12514542043209076,0.005435943603515625,0.024014264345169067,1.027587890625,0.04452482983469963,199.0,0.046064019203186035,0.02636923873797059
0.04805358871817589,0.8758917699172671,0.2809027759358287,0.0022554302122443914,0.12416628003120422,0.005869768094271421,0.023674625903367996,1.019029140472412,0.04805358871817589,199.0,0.05486247316002846,0.019026886206120253
0.04311314597725868,0.9831665257583563,0.28795767202973366,0.002239997498691082,0.12509600818157196,0.005282076075673103,0.022999819368124008,1.0235854387283325,0.04311314597725868,199.0,0.04385131597518921,0.02833214495331049
0.04549073055386543,0.8324330489007146,0.2828270788304508,0.0022643334232270718,0.1325445920228958,0.005925309378653765,0.02217106521129608,1.0201200246810913,0.04549073055386543,199.0,0.054647915065288544,0.01914858678355813
0.04111886024475098,0.9368595713048561,0.28836726816371083,0.0022553354501724243,0.13195013999938965,0.005314204841852188,0.021736543625593185,1.0234981775283813,0.04111886024475098,199.0,0.043890099972486496,0.02830517804250121
0.044850122183561325,0.9834347016269517,0.289383701980114,0.0023573203943669796,0.12452048808336258,0.0054461718536913395,0.024301178753376007,1.0279921293258667,0.044850122183561325,199.0,0.04560559242963791,0.02542849164456129
0.04683452844619751,0.8872587880240846,0.2816629777662456,0.002234007930383086,0.12237606197595596,0.005641775205731392,0.023212723433971405,1.018415927886963,0.04683452844619751,199.0,0.05278564617037773,0.019426101818680763
0.04710330441594124,0.865806055343893,0.28152044443413615,0.0022385045886039734,0.1260688304901123,0.005857222247868776,0.023098688572645187,1.0163553953170776,0.04710330441594124,199.0,0.054403990507125854,0.01931722229346633
0.042833901941776276,0.9754219192099398,0.28866551304236054,0.0022226886358112097,0.12588541209697723,0.005283292382955551,0.02267339453101158,1.0231385231018066,0.042833901941776276,199.0,0.04391320422291756,0.026310778222978115
0.044192999601364136,0.8453239060782252,0.2822967660613358,0.0023015362676233053,0.12904758751392365,0.005593786481767893,0.021749477833509445,1.0220550298690796,0.044192999601364136,199.0,0.05227936804294586,0.01910460228100419
0.04388410225510597,0.8452273838757116,0.2840874372050166,0.002292345743626356,0.12904755771160126,0.005552563816308975,0.02155347168445587,1.0224449634552002,0.04388410225510597,199.0,0.05191987752914429,0.019292078912258148
0.04125136882066727,0.9202286200937769,0.28950077621266246,0.0022879396565258503,0.1338699907064438,0.0054045007564127445,0.021288324147462845,1.0243315696716309,0.04125136882066727,199.0,0.044827304780483246,0.026364567689597607
0.04722210019826889,0.8614819659189553,0.282501301728189,0.0023061775136739016,0.1277599185705185,0.005930719431489706,0.022465670481324196,1.0197902917861938,0.04722210019826889,199.0,0.054814960807561874,0.01873724814504385
0.05668679624795914,0.769520881434459,0.2819717451930046,0.002268092939630151,0.1144447848200798,0.006389857269823551,0.024934470653533936,1.0178139209747314,0.05668679624795914,199.0,0.07366505265235901,0.018627458717674017
0.05103453993797302,0.8166065692948568,0.2865681108087301,0.0022431036923080683,0.12146828323602676,0.006074479315429926,0.023979907855391502,1.02305269241333,0.05103453993797302,199.0,0.062495872378349304,0.026547929737716913
0.056300483644008636,0.764174449882535,0.2814513058401644,0.0021650055423378944,0.1200176551938057,0.006652787793427706,0.023887917399406433,1.018204689025879,0.056300483644008636,199.0,0.07367490977048874,0.017904059030115604
0.0489388182759285,0.8268333309730949,0.28778008557856083,0.0021342914551496506,0.11931470036506653,0.00574098713696003,0.022920498624444008,1.0196245908737183,0.0489388182759285,199.0,0.059188250452280045,0.024384332355111837
0.046661168336868286,0.7846372981466028,0.2876440454274416,0.0021436417009681463,0.1281759887933731,0.0058842869475483894,0.021662984043359756,1.0189354419708252,0.046661168336868286,199.0,0.059468455612659454,0.026781936176121235
0.05689780414104462,0.7768635732415776,0.2819010359235108,0.0022772843949496746,0.11282368004322052,0.006318498402833939,0.025136800482869148,1.0185065269470215,0.05689780414104462,199.0,0.07324040681123734,0.0184695259667933
0.051081035286188126,0.8250812041189433,0.28557232208549976,0.002251066965982318,0.11914293467998505,0.005969187244772911,0.024128209799528122,1.0220987796783447,0.051081035286188126,199.0,0.06191031262278557,0.02449552994221449
0.04760809615254402,0.8036998856556087,0.2874382194131613,0.0022004200145602226,0.1218457967042923,0.005684847943484783,0.02308032475411892,1.0229425430297852,0.04760809615254402,199.0,0.05923616141080856,0.026967729907482862
0.048884786665439606,0.8226564365055961,0.28791809640824795,0.0021201439667493105,0.123174287378788,0.005938260350376368,0.022609693929553032,1.0165157318115234,0.048884786665439606,199.0,0.059423089027404785,0.02747355168685317
0.047155797481536865,0.8002220695315078,0.28659870475530624,0.0021171916741877794,0.1238810122013092,0.005749869626015425,0.022165421396493912,1.0184993743896484,0.047155797481536865,199.0,0.058928389102220535,0.02724365657195449
0.053663820028305054,0.7538086897403996,0.28141579823568463,0.0021368807647377253,0.11810152977705002,0.006255012936890125,0.023288574069738388,1.0157570838928223,0.053663820028305054,199.0,0.0711902379989624,0.01911352202296257
0.045605823397636414,0.7715240761351132,0.28670088993385434,0.002181190298870206,0.1306547075510025,0.005846807733178139,0.020991750061511993,1.0216567516326904,0.045605823397636414,199.0,0.0591113418340683,0.028103009331971407
0.05225491523742676,0.7418370577307782,0.27978862961754203,0.002139105461537838,0.1197529286146164,0.006177699659019709,0.02288537099957466,1.01547110080719,0.05225491523742676,199.0,0.0704398825764656,0.01889608893543482
0.04690639674663544,0.7940128594953643,0.2874913481064141,0.0021162370685487986,0.12484081834554672,0.005772029515355825,0.02190709486603737,1.017041563987732,0.04690639674663544,199.0,0.05907510966062546,0.027513861190527678
0.05534195154905319,0.7560509555436761,0.28095383616164327,0.0021985124330967665,0.12392690777778625,0.006782400421798229,0.022920414805412292,1.0137206315994263,0.05534195154905319,199.0,0.07319870591163635,0.018963200971484184
